Stealing001_x264.mp4,A man is stealing a cycle.,A man picks up a cycle and walks away.,Person in a white shirt takes the cycle from someoneâ€™s porch.,Cycle kept in front of the house is stolen by a man.,The person drags a cycle kept in front of the house.
Stealing002_x264.mp4,,,,,
Stealing003_x264.mp4,,,,,
Stealing004_x264.mp4,,,,,
Stealing005_x264.mp4,,,,,
Stealing006_x264.mp4,,,,,
Stealing007_x264.mp4,,,,,
Stealing008_x264.mp4,,,,,
Stealing009_x264.mp4,,,,,
Stealing010_x264.mp4,,,,,
Stealing011_x264.mp4,,,,,
Stealing012_x264.mp4,,,,,
Stealing013_x264.mp4,,,,,
Stealing014_x264.mp4,,,,,
Stealing015_x264.mp4,,,,,
Stealing016_x264.mp4,,,,,
Stealing017_x264.mp4,,,,,
Stealing018_x264.mp4,,,,,
Stealing019_x264.mp4,,,,,
Stealing020_x264.mp4,,,,,
Stealing021_x264.mp4,,,,,
Stealing022_x264.mp4,,,,,
Stealing023_x264.mp4,,,,,
Stealing024_x264.mp4,,,,,
Stealing025_x264.mp4,,,,,
Stealing026_x264.mp4,,,,,
Stealing027_x264.mp4,,,,,
Stealing028_x264.mp4,,,,,
Stealing029_x264.mp4,,,,,
Stealing030_x264.mp4,,,,,
Stealing031_x264.mp4,,,,,
Stealing032_x264.mp4,,,,,
Stealing033_x264.mp4,,,,,
Stealing034_x264.mp4,,,,,
Stealing035_x264.mp4,,,,,
Stealing036_x264.mp4,,,,,
Stealing037_x264.mp4,,,,,
Stealing038_x264.mp4,,,,,
Stealing039_x264.mp4,,,,,
Stealing040_x264.mp4,,,,,
Stealing041_x264.mp4,,,,,
Stealing042_x264.mp4,,,,,
Stealing043_x264.mp4,,,,,
Stealing044_x264.mp4,,,,,
Stealing045_x264.mp4,,,,,
Stealing046_x264.mp4,,,,,
Stealing047_x264.mp4,,,,,
Stealing048_x264.mp4,,,,,
Stealing049_x264.mp4,,,,,
Stealing050_x264.mp4,,,,,
Stealing051_x264.mp4,,,,,
Stealing052_x264.mp4,,,,,
Stealing053_x264.mp4,,,,,
Stealing054_x264.mp4,,,,,
Stealing055_x264.mp4,,,,,
Stealing056_x264.mp4,,,,,
Stealing057_x264.mp4,,,,,
Stealing058_x264.mp4,,,,,
Stealing059_x264.mp4,,,,,
Stealing060_x264.mp4,,,,,
Stealing061_x264.mp4,,,,,
Stealing062_x264.mp4,,,,,
Stealing063_x264.mp4,,,,,
Stealing064_x264.mp4,,,,,
Stealing065_x264.mp4,,,,,
Stealing066_x264.mp4,,,,,
Stealing067_x264.mp4,,,,,
Stealing068_x264.mp4,,,,,
Stealing069_x264.mp4,,,,,
Stealing070_x264.mp4,,,,,
Stealing071_x264.mp4,,,,,
Stealing072_x264.mp4,,,,,
Stealing073_x264.mp4,,,,,
Stealing074_x264.mp4,,,,,
Stealing075_x264.mp4,,,,,
Stealing076_x264.mp4,,,,,
Stealing077_x264.mp4,,,,,
Stealing078_x264.mp4,,,,,
Stealing079_x264.mp4,,,,,
Stealing080_x264.mp4,,,,,
Stealing081_x264.mp4,,,,,
Stealing082_x264.mp4,,,,,
Stealing083_x264.mp4,,,,,
Stealing084_x264.mp4,,,,,
Stealing085_x264.mp4,,,,,
Stealing086_x264.mp4,,,,,
Stealing087_x264.mp4,,,,,
Stealing088_x264.mp4,,,,,
Stealing089_x264.mp4,,,,,
Stealing090_x264.mp4,,,,,
Stealing091_x264.mp4,,,,,
Stealing092_x264.mp4,,,,,
Stealing093_x264.mp4,,,,,
Stealing094_x264.mp4,,,,,
Stealing095_x264.mp4,,,,,
Stealing096_x264.mp4,,,,,
Stealing097_x264.mp4,,,,,
Stealing098_x264.mp4,,,,,
Stealing099_x264.mp4,,,,,
Stealing100_x264.mp4,,,,,
